{"batch/loss": 1.2663519382476807, "batch/accuracy": 0.002464788733050227, "batch/batch_step": 0, "batch/learning_rate": 0.0010000000474974513, "_timestamp": 1700241079.0072343, "_runtime": 16.537514448165894, "_step": 1, "epoch/loss": 1.2663519382476807, "epoch/accuracy": 0.002464788733050227, "epoch/val_loss": 1.90149986743927, "epoch/val_accuracy": 0.06619718670845032, "epoch/epoch": 0, "epoch/learning_rate": 0.0010000000474974513, "_wandb": {"runtime": 33}}