{"batch/loss": 19.320789337158203, "batch/accuracy": 0.9523809552192688, "batch/batch_step": 102, "batch/learning_rate": 0.0010000000474974513, "_timestamp": 1700299236.4910853, "_runtime": 189.64647221565247, "_step": 55, "epoch/loss": 19.320789337158203, "epoch/accuracy": 0.9523809552192688, "epoch/val_loss": 24.26496124267578, "epoch/val_accuracy": 0.9543587565422058, "epoch/epoch": 3, "epoch/learning_rate": 0.0010000000474974513, "_wandb": {"runtime": 245}}