{"batch/loss": 0.9573110342025757, "batch/accuracy": 0.6333041787147522, "batch/batch_step": 0, "batch/learning_rate": 0.0010000000474974513, "_timestamp": 1700134117.6145372, "_runtime": 25.804943323135376, "_step": 1, "epoch/loss": 0.9162308573722839, "epoch/accuracy": 0.5090472102165222, "epoch/val_loss": 0.9120718240737915, "epoch/val_accuracy": 0.028234265744686127, "epoch/epoch": 0, "epoch/learning_rate": 0.0010000000474974513, "_wandb": {"runtime": 50}}