{"batch/loss": 0.9933350086212158, "batch/accuracy": 0.6315832734107971, "batch/batch_step": 0, "batch/learning_rate": 0.0010000000474974513, "_timestamp": 1700133827.5350282, "_runtime": 27.786845207214355, "_step": 1, "epoch/loss": 0.9164422154426575, "epoch/accuracy": 0.5073208212852478, "epoch/val_loss": 0.9123355150222778, "epoch/val_accuracy": 0.03164335712790489, "epoch/epoch": 0, "epoch/learning_rate": 0.0010000000474974513, "_wandb": {"runtime": 36}}