{"batch/loss": 1.2643320560455322, "batch/accuracy": 0.4883802831172943, "batch/batch_step": 0, "batch/learning_rate": 0.0010000000474974513, "_timestamp": 1700135585.6694953, "_runtime": 20.80628538131714, "_step": 1, "epoch/loss": 1.2643320560455322, "epoch/accuracy": 0.4883802831172943, "epoch/val_loss": 1.9016894102096558, "epoch/val_accuracy": 0.050704225897789, "epoch/epoch": 0, "epoch/learning_rate": 0.0010000000474974513, "_wandb": {"runtime": 41}}