{"batch/loss": 0.8320049047470093, "batch/accuracy": 0.6692526340484619, "batch/batch_step": 0, "batch/learning_rate": 0.0010000000474974513, "_timestamp": 1700133943.3003724, "_runtime": 23.34575343132019, "_step": 1, "epoch/loss": 0.9162000417709351, "epoch/accuracy": 0.5387674570083618, "epoch/val_loss": 0.9121130704879761, "epoch/val_accuracy": 0.029545454308390617, "epoch/epoch": 0, "epoch/learning_rate": 0.0010000000474974513, "_wandb": {"runtime": 41}}