{"batch/loss": 0.549628496170044, "batch/accuracy": 0.024068813771009445, "batch/batch_step": 150, "batch/learning_rate": 0.0010000000474974513, "_timestamp": 1700137114.4977367, "_runtime": 1426.994580745697, "_step": 40, "epoch/loss": 0.5815069675445557, "epoch/accuracy": 0.025479797273874283, "epoch/val_loss": 0.6077448129653931, "epoch/val_accuracy": 0.02657197043299675, "epoch/epoch": 9, "epoch/learning_rate": 0.0010000000474974513}