{"batch/loss": 0.5887413620948792, "batch/accuracy": 0.025808511301875114, "batch/batch_step": 295, "batch/learning_rate": 0.0010000000474974513, "_timestamp": 1700138342.217998, "_runtime": 2654.71484208107, "_step": 79, "epoch/loss": 0.5833283066749573, "epoch/accuracy": 0.025566603988409042, "epoch/val_loss": 0.6092764139175415, "epoch/val_accuracy": 0.02669823169708252, "epoch/epoch": 19, "epoch/learning_rate": 0.0010000000474974513, "_wandb": {"runtime": 2662}}