{"batch/loss": 1.2695547342300415, "batch/accuracy": 0.01267605647444725, "batch/batch_step": 0, "batch/learning_rate": 0.0010000000474974513, "_timestamp": 1700240473.0988278, "_runtime": 7.45370888710022, "_step": 1, "epoch/loss": 1.2695547342300415, "epoch/accuracy": 0.01267605647444725, "epoch/val_loss": 1.8227158784866333, "epoch/val_accuracy": 0.0591549277305603, "epoch/epoch": 0, "epoch/learning_rate": 0.0010000000474974513, "_wandb": {"runtime": 8}}