{"batch/loss": 50.147159576416016, "batch/accuracy": 0.949372410774231, "batch/batch_step": 345, "batch/learning_rate": 0.0010000000474974513, "_timestamp": 1700298782.352778, "_runtime": 1564.5072848796844, "_step": 83, "epoch/loss": 50.48698425292969, "epoch/accuracy": 0.9485118985176086, "epoch/val_loss": 63.002052307128906, "epoch/val_accuracy": 0.9422637820243835, "epoch/epoch": 13, "epoch/learning_rate": 0.0010000000474974513}