{"batch/loss": 1.2655558586120605, "batch/accuracy": 0.4880281686782837, "batch/batch_step": 0, "batch/learning_rate": 0.0010000000474974513, "_timestamp": 1700235397.0070264, "_runtime": 19.98230242729187, "_step": 1, "epoch/loss": 1.2655558586120605, "epoch/accuracy": 0.4880281686782837, "epoch/val_loss": 1.9035080671310425, "epoch/val_accuracy": 0.07323943823575974, "epoch/epoch": 0, "epoch/learning_rate": 0.0010000000474974513, "_wandb": {"runtime": 52}}